INSERT IGNORE INTO `Materials` (`MaterialId`, `MaterialName`) VALUES
	(1, 'Chilli'),
	(2, 'Capsicum'),
	(3, 'Ivory'),
	(4, 'Port'),
	(6, 'Navy'),
	(9, 'Chocolate'),
	(10, 'Coffee'),
	(11, 'Black'),
	(12, 'Raven'),
	(13, 'Maple'),
	(16, 'Cafe'),
	(17, 'Cedar'),
	(18, 'Hermitage'),
	(19, 'Sandstone'),
	(21, 'Pilbara'),
	(22, 'Earth'),
	(23, 'Iron'),
	(24, 'Black'),
	(25, 'Billabong'),
	(26, 'Charcoal'),
	(33, 'Navy Wildlife'),
	(34, 'Black Wildlife'),
	(35, 'Chestnut'),
	(36, 'Onyx'),
	(37, 'Lime'),
	(39, 'Purple'),
	(41, 'Choclate'),
	(42, 'Black'),
	(44, 'Jarrah Timber'),
	(45, 'Natural Timber'),
	(48, 'Aluminum'),
	(49, 'Corrugated Metal Inlay'),
	(50, 'Brushed Metal Inlay'),
	(51, 'Black'),
	(52, 'Silver'),
	(53, 'Gunmetal'),
	(57, 'Raisin'),
	(58, 'Graphite'),
	(59, 'Black'),
	(60, 'Fushia'),
	(61, 'Sky Blue'),
	(62, 'Aquamarine'),
	(63, 'Olive'),
	(64, 'Cornflower'),
	(65, 'Black'),
	(66, 'Black Velvet'),
	(67, 'Plum Velvet'),
	(68, 'Ice Silver'),
	(69, 'Candy Pink'),
	(70, 'Copper'),
	(71, 'Horizon'),
	(72, 'Purple'),
	(73, 'Gunmetal'),
	(75, 'Black Magic'),
	(76, 'Amber Brew'),
	(78, 'Blue Moon'),
	(79, 'Smokey Mountain'),
	(81, 'Purple Haze'),
	(82, 'Carmel Cashew'),
	(83, 'Mellow Yellow'),
	(84, 'Rain Forest'),
	(85, 'Tangerine Dream'),
	(86, 'Red Hot'),
	(87, 'Texas Tea'),
	(88, 'Silver Screen'),
	(89, 'Hollywood Orange'),
	(90, 'Red Carpet'),
	(91, 'Black Gold'),
	(92, 'Platinum Blonde'),
	(93, 'Academy Award'),
	(94, 'Pink'),
	(95, 'Blue'),
	(96, 'Frost'),
	(97, 'Green'),
	(98, 'Lemon'),
	(99, 'Red Dragon'),
	(100, 'Big Blue Whale'),
	(101, 'Grey Flannel Suit'),
	(102, 'Ultra Violet'),
	(103, 'Little Black Book'),
	(104, 'Black Pearl'),
	(105, 'Sandalwood'),
	(106, 'Sultan Spice'),
	(387, 'Carribean'),
	(388, 'Charcoal'),
	(390, 'Denim'),
	(391, 'Moss'),
	(108, 'Nehru'),
	(389, 'Fog'),
	(109, 'Argento'),
	(396, 'Lush Nutmeg'),
	(397, 'Lush Fuschia'),
	(116, 'Catalina'),
	(111, 'Envy'),
	(112, 'Penny'),
	(113, 'Mink'),
	(114, 'Obsidian'),
	(115, 'Brazil'),
	(117, 'Ambition'),
	(126, 'Cristal'),
	(119, 'Green Room'),
	(120, 'Brandywine'),
	(121, 'Candyland'),
	(122, 'Fox Downs'),
	(123, 'Greenfields'),
	(124, 'Riverdell'),
	(125, 'White Downs'),
	(127, 'Idol Eyes'),
	(128, 'Zonk Bleu'),
	(129, 'Baby Boi'),
	(130, 'Jelly Bean'),
	(131, 'Girlie Girl'),
	(132, 'Sunshine'),
	(133, 'Mauvelous'),
	(134, 'Sagebrush Lizard'),
	(135, 'Firefly'),
	(136, 'Femme Noir'),
	(137, 'Dulce de Leche'),
	(138, 'Suspicion'),
	(139, 'Biker Chic'),
	(140, 'Drifter'),
	(141, 'Chiara'),
	(142, 'Bank Heist'),
	(143, 'Optimism'),
	(144, 'Shroom'),
	(145, 'Swiss Chocolate'),
	(146, 'Miami Ink'),
	(148, 'Dubonnet'),
	(151, 'Havana'),
	(153, 'Bomber Jacket'),
	(154, 'Patina'),
	(156, 'Pumpkin Spice'),
	(157, 'Olea Branch'),
	(158, 'Rothschild'),
	(159, 'Saffron'),
	(161, 'Scarlet O Hara'),
	(162, 'Willow Tree'),
	(163, 'Lobster'),
	(164, 'Scotch Pine'),
	(165, 'Jester'),
	(166, 'Aquadisiac'),
	(197, 'Shanghai'),
	(196, 'Sapphire'),
	(168, 'Bohemian'),
	(207, 'Ebony Saturn'),
	(208, 'Cappuccino Saturn'),
	(194, 'Lions Gate'),
	(392, 'Indigo'),
	(193, 'Lady Luck'),
	(169, 'Wedgewood'),
	(192, 'Lady Danger'),
	(393, 'Natural'),
	(394, 'Lilac'),
	(188, 'Chai'),
	(170, 'Opaline'),
	(191, 'Karakane'),
	(195, 'Mimosa'),
	(171, 'Passion'),
	(190, 'Geisha'),
	(189, 'Dusk'),
	(395, 'Lush Oyster'),
	(172, 'Ipinema'),
	(173, 'Glitter Barbi'),
	(174, 'Glitter Ken'),
	(175, 'Tourmaline'),
	(177, 'Whitesnake'),
	(178, 'Sidewinder'),
	(179, 'Serpentine'),
	(180, 'Oxide'),
	(181, 'Painted Pony'),
	(183, 'Kitty Kitty'),
	(184, 'Racing Stripes'),
	(185, 'Komodo Dragon'),
	(187, 'Sunday Shoes'),
	(198, 'Red Light District'),
	(199, 'Something Wicked'),
	(200, 'Lusterin HOT'),
	(273, 'Mystic Tea Leaf'),
	(201, 'Copenhagen'),
	(202, 'Queen For A Day'),
	(203, 'Rainy Day Woman'),
	(204, 'Fexy Bleu'),
	(205, 'Junkyard Dog'),
	(206, 'Faded Jeans'),
	(209, 'Snow White'),
	(210, 'Bling Dynasty'),
	(211, 'Metallic Croc Onyx'),
	(212, 'Mock Croc Steel'),
	(215, 'Python Multi'),
	(216, 'Serpent Henna'),
	(217, 'Nugget Found'),
	(218, 'Only in Sedona'),
	(219, 'Naughty Girl'),
	(220, 'Not So Secret'),
	(221, 'Romance Novel'),
	(222, 'One Hot Momma'),
	(223, 'Something Borrowed'),
	(224, 'Dark Grey'),
	(225, 'Mother of Pearl Metallic'),
	(226, 'Red Copper Metallic'),
	(227, 'Teak'),
	(228, 'Terra Cotta'),
	(229, 'Desert'),
	(236, 'Hot Red'),
	(237, 'Oyster'),
	(238, 'Apollo Black Metal'),
	(240, 'Brown'),
	(241, 'Brown Blend'),
	(242, 'Kingfisher Blue'),
	(243, 'Mauve'),
	(244, 'Natural Blend'),
	(245, 'Navy'),
	(246, 'Navy Blend'),
	(247, 'Orange'),
	(248, 'Pink'),
	(249, 'Red'),
	(250, 'Sandbank'),
	(251, 'Violet'),
	(260, 'CU29'),
	(261, 'Masqueradiance'),
	(262, 'Saturday Night Special'),
	(263, 'Shrike Skin'),
	(264, 'Date Book'),
	(269, 'Instant Karma'),
	(270, 'Into the Sea'),
	(271, 'Mardi Gras'),
	(272, 'Star Shine'),
	(265, 'Krumble'),
	(266, 'Ludicrous'),
	(267, 'Secret Garden'),
	(268, 'Statuesque'),
	(274, 'Marsalis'),
	(275, 'Zydeco'),
	(276, 'French Quarter'),
	(277, 'Steel Magnolia'),
	(278, 'Desert Haze'),
	(279, 'Mint Julip'),
	(280, 'Cool Elements'),
	(281, 'Midnight Sin'),
	(282, 'Black Iguana'),
	(283, 'Pearl Iguana'),
	(284, 'Argent'),
	(285, 'Blanc'),
	(286, 'Champagne'),
	(287, 'Steel'),
	(288, 'Baby Blue Jeans'),
	(289, 'Denim'),
	(290, 'Mushroom'),
	(291, 'Marine'),
	(292, 'Khaki'),
	(293, 'Cheetah'),
	(294, 'Leopard'),
	(295, 'Zebra'),
	(296, 'Black Ostrich'),
	(297, 'Kakadu Croc'),
	(298, 'Mud Viper'),
	(299, 'Ivory Florentine'),
	(300, 'Ebony Florentine'),
	(301, 'Venetian Nights'),
	(302, 'Bloodreel Wave'),
	(303, 'Bombay Wave'),
	(304, 'Peregian Wave'),
	(305, 'Love Junky'),
	(306, 'Razzle Dazzle'),
	(307, 'Lust'),
	(308, 'Truffle'),
	(317, 'Dodgeball'),
	(318, 'Double Dutch'),
	(319, 'Duck Duck Goose'),
	(320, 'Freeze Tag'),
	(321, 'Hopscotch'),
	(322, 'Monkeybars'),
	(309, 'Angel Dust'),
	(310, 'Chocoholic'),
	(311, 'Gothika'),
	(312, 'Lip Lock'),
	(313, 'Shady'),
	(314, 'Tickled Pink'),
	(315, 'True Blue'),
	(316, 'Whiteout'),
	(323, 'Marbles'),
	(324, 'Sandbox'),
	(325, 'Teeter Totter'),
	(326, 'Tire Swing'),
	(327, 'Asphyxia'),
	(328, 'Bookie'),
	(329, 'Chesterfield'),
	(330, 'Crave'),
	(331, 'Crush'),
	(332, 'deSade'),
	(333, 'Hypnotique'),
	(334, 'Narcism'),
	(335, 'Stiletto'),
	(336, 'Sunset Strip'),
	(337, 'Brass Monkey'),
	(338, 'Cabana'),
	(339, 'Chrome'),
	(410, 'Affluence'),
	(411, 'Eminence'),
	(412, 'Estate'),
	(340, 'Goddess'),
	(341, 'Hurricane'),
	(342, 'Sex and Candy'),
	(343, 'Shameless'),
	(344, 'Smoldering'),
	(345, 'Wallflower'),
	(346, 'Feather Pillow'),
	(347, 'Glitteratzi'),
	(348, 'Holy Cow'),
	(349, 'Icelandia'),
	(350, 'Satin Sheets'),
	(351, '50 Shades'),
	(352, 'Carrigan'),
	(353, 'Harlow'),
	(354, 'Trevi'),
	(355, 'Corruption'),
	(356, 'Chyna'),
	(357, 'Gucci Fabric'),
	(358, 'Louis Vuitton Fabric'),
	(359, 'GC Black'),
	(360, 'LV Tan'),
	(361, 'Cool Mint'),
	(362, 'Creme Brulee'),
	(363, 'Night Shade'),
	(364, 'Summer Plum'),
	(365, 'Sunflower'),
	(382, 'Black Pearl'),
	(366, 'Admiral Blue'),
	(367, 'Java'),
	(368, 'Slate'),
	(369, 'Tickled Pink'),
	(370, 'Vanilla Ice'),
	(383, 'Gunmetal'),
	(371, 'Navy'),
	(372, 'White'),
	(373, 'Barley Grass'),
	(374, 'Oatmeal'),
	(375, 'Smoke'),
	(376, 'Twilight'),
	(377, 'Wheat'),
	(378, 'Basalt'),
	(379, 'Claystone'),
	(380, 'Pumice'),
	(381, 'Shale'),
	(384, 'Black Outback'),
	(385, 'Iron Outback'),
	(386, 'Sandstone Outback'),
	(398, 'Lush Anthracite'),
	(399, 'Lush Blue'),
	(400, 'Lush Plum'),
	(401, 'Lush Oregano'),
	(402, 'Lush Chocolate'),
	(403, 'Lush Platinum'),
	(404, 'Lush Spice'),
	(405, 'Lush Marine'),
	(406, 'Lush Turquoise'),
	(407, 'Lush Pink'),
	(408, 'Lush Lime'),
	(409, 'Lush Slate'),
	(413, 'Flourish'),
	(414, 'Lady Moura'),
	(415, 'Nobility'),
	(416, 'Precious'),
	(417, 'Radiance'),
	(418, 'Splendor'),
	(419, 'Sumptuous'),
	(420, 'Birch'),
	(421, 'Cherry'),
	(422, 'Mushroom'),
	(423, 'Tweed');

INSERT IGNORE INTO `Types` (`TypeId`, `TypeName`, `EntityName`) VALUES
	(1, 'MaterialCollection', 'Materials');

INSERT IGNORE INTO `Lists` (`ListId`, `TypeId`,`ListName`) VALUES
	(1,  1, 'Perspex'),
	(2,  1, 'Acrylic'),
	(3,  1, 'Leather'),
	(4,  1, 'Premium Leather'),
	(5,  1, 'Outback Leather'),
	(6,  1, 'Leatherette'),
	(7,  1, 'Buckram'),
	(8,  1, 'Timber'),
	(9,  1, 'Metal'),
	(10,  1, 'Appollo'),
	(11,  1, 'MacroSuede'),
	(12,  1, 'Linen'),
	(13,  1, 'Jacquard'),
	(14,  1, 'Silk'),
	(15,  1, 'Canvas'),
	(16,  1, 'Shimmer'),
	(17,  1, 'Middle Earth'),
	(18,  1, 'Happy Cow'),
	(19,  1, 'Garbo'),
	(20,  1, 'Hemingway'),
	(21,  1, 'Brocade'),
	(22,  1, 'Haute Colour'),
	(23,  1, 'Tricycle Alley'),
	(24,  1, 'Accents'),
	(25,  1, 'The Basics'),
	(26,  1, 'All That Jazz'),
	(27,  1, 'The Colours'),
	(28,  1, 'Standard Canvas'),
	(29,  1, 'Eclectic Looks'),
	(30,  1, 'Zumanity'),
	(31,  1, 'Armour'),
	(32,  1, 'Metallic Canvas'),
	(33,  1, 'Magical Mystery Glass'),
	(34,  1, 'ICE'),
	(35,  1, 'Urban Legends'),
	(36,  1, 'Wild Animalia'),
	(37,  1, 'Asahi'),
	(38,  1, 'Mixed Bag'),
	(39,  1, 'Fragments'),
	(40,  1, 'Paraphernalia'),
	(41,  1, 'Exotic'),
	(42,  1, 'Avantegarde'),
	(43,  1, 'Midtown'),
	(44,  1, 'Playground'),
	(45,  1, 'Addiction'),
	(46,  1, 'The Nines'),
	(47,  1, 'Fashion Fabric'),
	(48,  1, 'Fashion Fabric Accent'),
	(49,  1, 'DesignAglow'),
	(50,  1, 'Lush'),
	(51,  1, 'Opulence'),
	(52,  1, 'Wood'),
	(53,  1, 'Wool');


INSERT IGNORE INTO `ListXref` (`MemberId`, `ListId`) VALUES
	(1, 3),
	(2, 3),
	(3, 3),
	(4, 3),
	(6, 4),
	(9, 4),
	(10, 4),
	(11, 3),
	(12, 4),
	(13, 4),
	(16, 4),
	(17, 4),
	(18, 4),
	(19, 5),
	(21, 5),
	(22, 5),
	(23, 5),
	(24, 5),
	(25, 6),
	(26, 6),
	(33, 6),
	(34, 6),
	(35, 6),
	(36, 6),
	(37, 7),
	(39, 7),
	(41, 7),
	(42, 7),
	(44, 8),
	(45, 8),
	(48, 9),
	(49, 9),
	(50, 9),
	(51, 10),
	(52, 10),
	(53, 10),
	(57, 11),
	(58, 11),
	(59, 11),
	(60, 12),
	(61, 12),
	(62, 12),
	(63, 12),
	(64, 12),
	(65, 12),
	(66, 13),
	(67, 13),
	(68, 16),
	(69, 16),
	(70, 16),
	(71, 16),
	(72, 16),
	(73, 16),
	(75, 17),
	(76, 17),
	(78, 17),
	(79, 17),
	(81, 18),
	(82, 18),
	(83, 18),
	(84, 18),
	(85, 18),
	(86, 18),
	(87, 18),
	(88, 19),
	(89, 19),
	(90, 19),
	(91, 19),
	(92, 19),
	(93, 19),
	(94, 2),
	(95, 2),
	(96, 2),
	(97, 2),
	(98, 2),
	(99, 20),
	(100, 20),
	(101, 20),
	(102, 20),
	(103, 20),
	(104, 21),
	(105, 21),
	(106, 21),
	(387, 49),
	(388, 49),
	(390, 49),
	(391, 49),
	(108, 21),
	(389, 49),
	(109, 21),
	(396, 50),
	(397, 50),
	(116, 22),
	(111, 22),
	(112, 22),
	(113, 22),
	(114, 22),
	(115, 22),
	(117, 22),
	(126, 22),
	(119, 19),
	(120, 17),
	(121, 17),
	(122, 17),
	(123, 17),
	(124, 17),
	(125, 17),
	(127, 27),
	(128, 23),
	(129, 23),
	(130, 23),
	(131, 23),
	(132, 23),
	(133, 23),
	(134, 24),
	(135, 24),
	(136, 24),
	(137, 26),
	(138, 24),
	(139, 26),
	(140, 26),
	(141, 26),
	(142, 24),
	(143, 25),
	(144, 25),
	(145, 25),
	(146, 25),
	(148, 25),
	(151, 26),
	(153, 26),
	(154, 30),
	(156, 23),
	(157, 25),
	(158, 26),
	(159, 23),
	(161, 23),
	(162, 23),
	(163, 27),
	(164, 27),
	(165, 27),
	(166, 23),
	(197, 21),
	(196, 21),
	(168, 24),
	(207, 6),
	(208, 6),
	(194, 21),
	(392, 49),
	(193, 21),
	(169, 25),
	(192, 21),
	(393, 49),
	(394, 49),
	(188, 21),
	(170, 25),
	(191, 21),
	(195, 21),
	(171, 26),
	(190, 21),
	(189, 21),
	(395, 50),
	(172, 24),
	(173, 29),
	(174, 29),
	(175, 29),
	(177, 29),
	(178, 29),
	(179, 29),
	(180, 29),
	(181, 30),
	(183, 30),
	(184, 30),
	(185, 24),
	(187, 23),
	(198, 35),
	(199, 35),
	(200, 35),
	(273, 40),
	(201, 35),
	(202, 35),
	(203, 35),
	(204, 35),
	(205, 35),
	(206, 18),
	(209, 6),
	(210, 30),
	(211, 36),
	(212, 36),
	(215, 36),
	(216, 36),
	(217, 37),
	(218, 37),
	(219, 37),
	(220, 37),
	(221, 37),
	(222, 37),
	(223, 37),
	(224, 4),
	(225, 4),
	(226, 4),
	(227, 3),
	(228, 4),
	(229, 5),
	(236, 7),
	(237, 7),
	(238, 9),
	(240, 12),
	(241, 12),
	(242, 12),
	(243, 12),
	(244, 12),
	(245, 12),
	(246, 12),
	(247, 12),
	(248, 12),
	(249, 12),
	(250, 12),
	(251, 12),
	(260, 38),
	(261, 38),
	(262, 38),
	(263, 38),
	(264, 39),
	(269, 40),
	(270, 40),
	(271, 40),
	(272, 40),
	(265, 39),
	(266, 39),
	(267, 39),
	(268, 39),
	(274, 40),
	(275, 40),
	(276, 40),
	(277, 37),
	(278, 37),
	(279, 37),
	(280, 37),
	(281, 37),
	(282, 6),
	(283, 6),
	(284, 6),
	(285, 6),
	(286, 6),
	(287, 6),
	(288, 6),
	(289, 6),
	(290, 11),
	(291, 11),
	(292, 11),
	(293, 41),
	(294, 41),
	(295, 41),
	(296, 41),
	(297, 41),
	(298, 41),
	(299, 42),
	(300, 42),
	(301, 42),
	(302, 42),
	(303, 42),
	(304, 42),
	(305, 39),
	(306, 39),
	(307, 39),
	(308, 39),
	(317, 44),
	(318, 44),
	(319, 44),
	(320, 44),
	(321, 44),
	(322, 44),
	(309, 43),
	(310, 43),
	(311, 43),
	(312, 43),
	(313, 43),
	(314, 43),
	(315, 43),
	(316, 43),
	(323, 44),
	(324, 44),
	(325, 44),
	(326, 44),
	(327, 45),
	(328, 45),
	(329, 45),
	(330, 45),
	(331, 45),
	(332, 45),
	(333, 45),
	(334, 45),
	(335, 45),
	(336, 45),
	(337, 46),
	(338, 46),
	(339, 46),
	(410, 51),
	(411, 51),
	(412, 51),
	(340, 46),
	(341, 46),
	(342, 46),
	(343, 46),
	(344, 46),
	(345, 46),
	(346, 30),
	(347, 30),
	(348, 30),
	(349, 30),
	(350, 30),
	(351, 25),
	(352, 25),
	(353, 24),
	(354, 24),
	(355, 38),
	(356, 39),
	(357, 47),
	(358, 47),
	(359, 48),
	(360, 48),
	(361, 37),
	(362, 37),
	(363, 37),
	(364, 37),
	(365, 37),
	(382, 37),
	(366, 7),
	(367, 7),
	(368, 7),
	(369, 7),
	(370, 7),
	(383, 7),
	(371, 3),
	(372, 3),
	(373, 12),
	(374, 12),
	(375, 12),
	(376, 12),
	(377, 12),
	(378, 4),
	(379, 4),
	(380, 4),
	(381, 4),
	(384, 4),
	(385, 4),
	(386, 4),
	(398, 50),
	(399, 50),
	(400, 50),
	(401, 50),
	(402, 50),
	(403, 50),
	(404, 50),
	(405, 50),
	(406, 50),
	(407, 50),
	(408, 50),
	(409, 50),
	(413, 51),
	(414, 51),
	(415, 51),
	(416, 51),
	(417, 51),
	(418, 51),
	(419, 51),
	(420, 52),
	(421, 52),
	(422, 53),
	(423, 53);
